<?xml version="1.0" encoding="UTF-8" ?>
<!DOCTYPE mapper
PUBLIC "-//mybatis.org//DTD Mapper 3.0//EN"
"http://mybatis.org/dtd/mybatis-3-mapper.dtd">

<mapper namespace="qreply">

	<select id="rcount" parameterType="int" resultType="int">
     	SELECT count(*) FROM qreply
    	 WHERE qano = #{qano}
    </select>

	<insert id="rcreate" parameterType="QReplyDTO">
		insert into qreply(rnum, content, regdate, nicname, qano)
		values( (select nvl(max(rnum),0)+1 from qreply), #{content}, sysdate, #{nicname}, #{qano} )
	</insert>

	<select id="read" parameterType="int" resultType="QReplyDTO">
		select * from qreply
		where rnum = #{rnum}	
	</select>
	
<update id="update" parameterType="QReplyDTO">
		update qreply
		set content = #{content}
		where rnum = #{rnum}
	</update>
	
	<delete id="delete" parameterType="int">
		delete from qreply
		where rnum = #{rnum}	
	</delete>
	
	<delete id="bdelete" parameterType="int">
		delete from qreply 
		where qano = #{qano}	
	</delete>
	
	<select id="list" parameterType="Map" resultType="QReplyDTO">
		select rnum, content, to_char(regdate,'yyyy-mm-dd') regdate, nicname, qano, r
			FROM(
			select rnum, content, regdate, nicname, qano, rownum r
			    FROM(
			        select rnum, content, regdate, nicname, qano
			        from QREPLY
			        where qano = #{qano}
			        order by rnum DESC
			        )
			    )
			<![CDATA[
			    WHERE r >= #{sno} and r <= #{eno}
			]]>	
	</select>
	
	<select id="total" parameterType="int" resultType="int">
		select count(*) from qreply
		where qano = #{qano}
	</select>

	
</mapper>