<?xml version="1.0" encoding="UTF-8"?>
<beans xmlns="http://www.springframework.org/schema/beans"
	xmlns:xsi="http://www.w3.org/2001/XMLSchema-instance"
	xmlns:context="http://www.springframework.org/schema/context"
	xmlns:p="http://www.springframework.org/schema/p"
	xsi:schemaLocation="http://www.springframework.org/schema/beans http://www.springframework.org/schema/beans/spring-beans.xsd
		http://www.springframework.org/schema/context http://www.springframework.org/schema/context/spring-context-4.3.xsd">

	<!-- 데이터베이스 접속 설정 

	<bean id="dataSource" destroy-method="close"
		class="org.apache.commons.dbcp.BasicDataSource"
		p:driverClassName="oracle.jdbc.driver.OracleDriver"
		p:url="jdbc:oracle:thin:@172.16.3.11:1521:XE" p:username="game"
		p:password="game" /> -->
		
	<bean id="dataSource" destroy-method="close"
		class="org.apache.commons.dbcp.BasicDataSource"
		p:driverClassName="oracle.jdbc.driver.OracleDriver"
		p:url="jdbc:oracle:thin:@localhost:1521:XE" p:username="game"
		p:password="game" />

	<!-- MyBatis SQL 실행 클래스 -->
	<bean id="sqlSessionFactory"
		class="org.mybatis.spring.SqlSessionFactoryBean">
		<property name="dataSource" ref="dataSource" />
		<!-- 아래부분은 매핑할 xml파일이 있는 패키지경로를 설정한다. -->
		<property name="typeAliasesPackage" value="spring.model" />
		<property name="mapperLocations"
			value="classpath:mybatis/*.xml" />
	</bean>

	<bean id="sqlSession"
		class="org.mybatis.spring.SqlSessionTemplate">
		<constructor-arg name="sqlSessionFactory"
			ref="sqlSessionFactory" />
	</bean>

	
	
	<bean id="dao" class="spring.model.bbs.BbsDAO"
		   p:mybatis-ref="sqlSession"
	/>
	
	<bean id="memo" class="spring.model.memo.MemoDAO"
		   p:mybatis-ref="sqlSession"
	/>
	
	<bean id="team" class="spring.model.team.TeamDAO"
		   p:mybatis-ref="sqlSession"
	/>
	
	<bean id="member" class="spring.model.member.MemberDAO"
		   p:mybatis-ref="sqlSession"
	/>
	
	<bean id="img" class="spring.model.img.ImgDAO"
		   p:mybatis-ref="sqlSession"
	/>
	
	<bean id="reply" class="spring.model.bbs.ReplyDAO"
		   p:mybatis-ref="sqlSession"
	/>
	
	<bean id="board" class="spring.model.board.BoardDAO"
		   p:mybatis-ref="sqlSession"
	/>
	
	<bean id="breply" class="spring.model.board.ReplyDAO"
		   p:mybatis-ref="sqlSession"
	/>
	
	<bean id="qabbs" class="spring.model.qabbs.QabbsDAO"
		   p:mybatis-ref="sqlSession"
	/>
	
	<bean id="survey" class="spring.model.survey.SurveyDAO"
		   p:mybatis-ref="sqlSession"
	/>
	
	<bean id="answer" class="spring.model.answer.AnswerDAO"
		   p:mybatis-ref="sqlSession"
	/>
	
	<bean id="qreply" class="spring.model.qabbs.QReplyDAO"
		   p:mybatis-ref="sqlSession"
	/>
	
</beans>
