<?xml version="1.0" encoding="UTF-8"?>
<!DOCTYPE mapper
PUBLIC "-//mybatis.org//DTD Mapper 3.0//EN"
"http://mybatis.org/dtd/mybatis-3-mapper.dtd">

<mapper namespace="bbs">

	<insert id="create" parameterType="BbsDTO">
		insert into bbs(bbsno,code,content,subject,filename,passwd,bdate,nicname)
		values((select nvl(max(bbsno),0)+1 as bbsno from bbs),
		#{code},#{content},#{subject},
		#{filename,jdbcType=VARCHAR},#{passwd},to_char(sysdate,'yyyy-mm-dd'),#{nicname})
	</insert>

	<select id="read" parameterType="int" resultType="BbsDTO">
		select bbsno,code,content,subject,filename,viewcnt,bdate,nicname
		from bbs where bbsno=#{bbsno}
	</select>

	<update id="update" parameterType="BbsDTO">
		update bbs
		set content=#{content}
		,code=#{code}
		,subject=#{subject}

		<if test="filename!=null">
			,filename=#{filename}
		</if>

		where bbsno = #{bbsno}
	</update>

	<delete id="delete" parameterType="int">
		delete from bbs where bbsno=#{bbsno}
	</delete>

	<select id="list" parameterType="Map" resultType="BbsDTO">
		select bbsno,code,subject,viewcnt,bdate,nicname,filename,r
		from (
		select bbsno,code,subject,viewcnt,bdate,nicname,filename,rownum as r
		from(
		select bbsno,code,subject,viewcnt,bdate,nicname,filename
		from bbs

		<where>
			<choose>
				<when test="col=='subject'">
					subject like '%'||#{word}||'%'
				</when>
				<when test="col=='nicname'">
					nicname like '%'||#{word}||'%'
				</when>
				<when test="col=='code'">
					code like '%'||#{word}||'%'
				</when>
			</choose>
		</where>

		order by bbsno desc
		)
		)

<![CDATA[

where r>=#{sno} and r<=#{eno}

]]>
	</select>

	<select id="total" parameterType="Map" resultType="int">
		select count(*) from bbs

		<where>
			<choose>
				<when test="col=='subject'">
					subject like '%'||#{word}||'%'
				</when>
				<when test="col=='nicname'">
					nicname like '%'||#{word}||'%'
				</when>
				<when test="col=='code'">
					code like '%'||#{word}||'%'
				</when>
			</choose>
		</where>

	</select>

	<update id="upViewcnt" parameterType="int">
		update bbs set viewcnt=viewcnt+1 where bbsno=#{bbsno}
	</update>

	<select id="checkPW" parameterType="Map" resultType="int">
		select count(bbsno) as cnt from bbs
		where bbsno=#{bbsno} and passwd=#{passwd}
	</select>

</mapper>